computer<-mouse	good	hypernym	2026-08-12
vegetation<-fern	good	hypernym	2026-08-12
clothing<-leather	good	hypernym	2026-08-12
creature<-cat	good	hypernym	2026-08-12
drink<-candy	bad	hypernym	2026-08-12
vehicle<-truck	good	hypernym	2026-08-12
glass<-bottle	good	hypernym	2026-08-12
tableware<-mug	good	hypernym	2026-08-12
ground<-asphalt	good	hypernym	2026-08-12
texture<-mesh	good	hypernym	2026-08-12
vegetation<-leaf	good	hypernym	2026-08-12
kitchenware<-skillet	good	hypernym	2026-08-12
clothing<-sweater	good	hypernym	2026-08-12
ground<-stream	bad	hypernym	2026-08-12
kitchenware<-spoonbill	good	hypernym	2026-08-12
vegetable<-corn	good	hypernym	2026-08-12
texture<-shiso	bad	hypernym	2026-08-12
product<-plastic	good	hypernym	2026-08-12
text<-shizuoka	bad	hypernym	2026-08-12
nature<-cloud	good	hypernym	2026-08-12
product<-demel	good	hypernym	2026-08-12
machine<-skier	bad	hypernym	2026-08-12
product<-brewdog	good	hypernym	2026-08-12
text<-barcode	bad	hypernym	2026-08-12
structure<-boulder	bad	hypernym	2026-08-12
container<-plate	bad	hypernym	2026-08-12
machine<-device	good	hypernym	2026-08-12
nature<-rock	good	hypernym	2026-08-12
machine<-motherboard	good	hypernym	2026-08-12
shape<-mug	bad	hypernym	2026-08-12
meat<-pork	good	hypernym	2026-08-12
condiment<-sauce	good	hypernym	2026-08-12
room<-kitchen	good	hypernym	2026-08-12
road<-sidewalk	good	hypernym	2026-08-12
meat<-chicken	good	hypernym	2026-08-12
pathway<-sidewalk	good	hypernym	2026-08-12
store<-aeon	good	hypernym	2026-08-12
mustelidae<-cat	bad	hypernym	2026-08-12
mustelidae<-hedgehog	bad	hypernym	2026-08-12
flower<-petal	good	hypernym	2026-08-12
wood<-bamboo	good	hypernym	2026-08-12
meat<-steak	good	hypernym	2026-08-12
nature<-gravel	good	hypernym	2026-08-12
gemstone<-diamond	good	hypernym	2026-08-12
structure<-entrance	good	hypernym	2026-08-12
dessert<-cream	good	hypernym	2026-08-12
shape<-spiral	good	hypernym	2026-08-12
vegetable<-wasabi	good	hypernym	2026-08-12
structure<-frame	good	hypernym	2026-08-12
vegetation<-grassland	good	hypernym	2026-08-12
creature<-emu	good	hypernym	2026-08-12
texture<-stripe	good	hypernym	2026-08-12
snack<-lotte	good	hypernym	2026-08-12
structure<-step	good	hypernym	2026-08-12
structure<-railing	good	hypernym	2026-08-12
text<-font	good	hypernym	2026-08-12
process<-flowchart	good	hypernym	2026-08-12
structure<-pier	good	hypernym	2026-08-12
texture<-grid	good	hypernym	2026-08-12
machine<-enhancer	good	hypernym	2026-08-12
nature<-coastline	good	hypernym	2026-08-12
device<-keyboard	good	hypernym	2026-08-12
structure<-elevator	good	hypernym	2026-08-12
machine<-compressor	good	hypernym	2026-08-12
product<-vitamin	good	hypernym	2026-08-12
room<-living	good	hypernym	2026-08-12
kitchenware<-grill	good	hypernym	2026-08-12
meal<-pizza	good	hypernym	2026-08-12
textile<-blanket	good	hypernym	2026-08-12
textile<-mat	good	hypernym	2026-08-12
nature<-sunset	good	hypernym	2026-08-12
software<-kubernete	good	hypernym	2026-08-12
mammal<-alpaca	good	hypernym	2026-08-12
surface<-pavement	good	hypernym	2026-08-12
mammal<-dog	good	hypernym	2026-08-12
jewelry<-diamond	good	hypernym	2026-08-12
design<-pixelated	good	hypernym	2026-08-12
mammal<-porcupine	good	hypernym	2026-08-12
condiment<-ketchup	good	hypernym	2026-08-12
nature<-mist	good	hypernym	2026-08-12
alcohol<-sapporo	good	hypernym	2026-08-12
vegetation<-wildflower	good	hypernym	2026-08-12
mammal<-goat	good	hypernym	2026-08-12
creature<-spider	good	hypernym	2026-08-12
textile<-marimekko	good	hypernym	2026-08-12
device<-laptop	good	hypernym	2026-08-12
figure<-couple	good	hypernym	2026-08-12
nature<-snowflake	good	hypernym	2026-08-12
city<-tokyo	good	hypernym	2026-08-12
liquid<-foam	good	hypernym	2026-08-12
condiment<-mayonnaise	good	hypernym	2026-08-12
device<-watch	good	hypernym	2026-08-12
structure<-brick	good	hypernym	2026-08-12
nature<-fog	good	hypernym	2026-08-12
nature<-sunrise	good	hypernym	2026-08-12
surface<-matte	good	hypernym	2026-08-12
meal<-katsudon	good	hypernym	2026-08-12
blurred_finger<-blurry_screen	good	rules	2026-08-12
black_tongs_sery<-blackberry	bad	rules	2026-08-12
shadows_on_concrete<-concrete_shadow	good	rules	2026-08-12
sunlit_building_facade<-sunlit_enclosure	good	rules	2026-08-12
overexposed_tree<-overexposed_sky	good	rules	2026-08-12
chocolate_drizzle<-chocolate_syrup	good	rules	2026-08-12
sunlit_sidewalk<-sunlit_ground	good	rules	2026-08-12
illuminated_neon_sign<-illuminated_moon	good	rules	2026-08-12
green_moss_covered_rock<-green_mossy_cliff	good	rules	2026-08-12
digital_screen_displaying_text<-text_heavy_advertising_display	good	rules	2026-08-12
network_specialist_2022<-network_diagram	good	rules	2026-08-12
sliced_tomato<-sliced_onion	good	rules	2026-08-12
dimly_lit_cocktail<-dimly_lit_wall	good	rules	2026-08-12
hand_holding_beer_can<-hand_holding_egg	good	rules	2026-08-12
long_wavy_hair<-wavy_hair	good	rules	2026-08-12
water_droplet_covered_leaf<-water_droplet_label	good	rules	2026-08-12
close_up_animal_face<-close_up_plush_face	good	rules	2026-08-12
wooden_counter_surface<-scratched_wooden_counter	good	rules	2026-08-12
condiment_bottle_with_red_cap<-yellow_cap_on_bottle	good	rules	2026-08-12
hand_holding_bottle<-hand_grasping_nail_polish_bottle	good	rules	2026-08-12
pink_open_flower<-pink_flower	good	rules	2026-08-12
spiky_haired_character<-white_haired_character	good	rules	2026-08-12
hand_drawn_peace_sign<-hand_drawn_cat	good	rules	2026-08-12
light_wooden_counter<-warm_wooden_counter	good	rules	2026-08-12
clear_plastic_bag_reflection<-clear_plastic_wrapping	good	rules	2026-08-12
chicken<-chickpea	bad	rules	2026-08-12
yellow_strap<-yellow_cap	good	rules	2026-08-12
rock<-dock	bad	rules	2026-08-12
clear_sky<-clear_soup	bad	rules	2026-08-12
card<-cord	bad	rules	2026-08-12
dry_leaf<-dry_reed	good	rules	2026-08-12
white_wall<-white_ale	bad	rules	2026-08-12
green_leaf<-green_cap	bad	rules	2026-08-12
distressed_character<-stressed_character	good	rules	2026-08-12
kaiji<-kanji	bad	rules	2026-08-12
fast_food<-hot_food	bad	rules	2026-08-12
beak<-bear	bad	rules	2026-08-12
black_text<-black_pant	bad	rules	2026-08-12
snow_covered_ground<-snow_covered_forest	good	rules	2026-08-12
closed_eyes_character<-eyes_closed_goat	good	rules	2026-08-12
blue_backlit_mechanical_keyboard<-blue_backlit_keyboard	good	rules	2026-08-12
plastic_wrapped_food_product<-plastic_wrapped_keychain	good	rules	2026-08-12
hand_drawn_snake_character<-hand_drawn_cat	good	rules	2026-08-12
rocky_cliff_edge<-rocky_cliff	good	rules	2026-08-12
hand_holding_printed_sheet<-hand_holding_document	good	rules	2026-08-12
snow_covered_ground<-snow_covered_bicycle	good	rules	2026-08-12
transparent_plastic_package<-transparent_plastic_bag	good	rules	2026-08-12
smooth_skin_on_hand<-smooth_skin	good	rules	2026-08-12
golden_brown_gyoza<-golden_brown_bread	good	rules	2026-08-12
closed_eyes_face<-closed_eyes_cat	good	rules	2026-08-12
dry_brown_leave<-dry_brown_leaf	good	rules	2026-08-12
hand_holding_can<-hand_holding_egg	good	rules	2026-08-12
crispy_fried_food<-crispy_fried_fish	good	rules	2026-08-12
steaming_hot_noodle<-steaming_soba_noodle	good	rules	2026-08-12
golden_brown_cookie<-golden_brown_cake	good	rules	2026-08-12
hand_holding_bottle<-hand_holding_bowl	good	rules	2026-08-12
extended_leg_character<-extended_arm_character	good	rules	2026-08-12
fresh_green_leave<-lush_green_leave	good	rules	2026-08-12
scattered_tree_stump<-weathered_tree_stump	good	rules	2026-08-12
usb_cable<-usb_c_cable	good	rules	2026-08-12
rock<-stone	good	rules	2026-08-12
staircase<-stair	good	rules	2026-08-12
leaf<-leave	good	rules	2026-08-12
shoe<-footwear	good	rules	2026-08-12
scallion<-negi	good	rules	2026-08-12
sidewalk<-pedestrian_walkway	good	rules	2026-08-12
streetlight<-street_lamp	good	rules	2026-08-12
sidewalk<-pathway	good	rules	2026-08-12
streetlight<-streetlamp	good	rules	2026-08-12
seaweed<-nori	good	rules	2026-08-12
nail<-claw	good	rules	2026-08-12
column<-pillar	good	rules	2026-08-12
stair<-step	good	rules	2026-08-12
yokohama<-yokan	good	rules	2026-08-12
morning_light<-early_morning_light	good	rules	2026-08-12
creamy_drink<-creamy_dip	good	rules	2026-08-12
karaoke_booth<-karaoke_room	good	rules	2026-08-12
metal_pole<-metal_bowl	good	rules	2026-08-12
sunlit_wall<-sunlit_pool	good	rules	2026-08-12
pixelated_eye<-pixelated_dog	good	rules	2026-08-12
blurry_food<-blurry_soba	good	rules	2026-08-12
session_ipa<-session_neipa	good	rules	2026-08-12
shadows_on_concrete<-shadow_on_concrete	good	rules	2026-08-12
sunlit_pond<-sunlit_path	good	rules	2026-08-12
vegetable<-cucumber	good	hypernym	2026-08-12
creature<-quail	good	hypernym	2026-08-12
meal<-bagel	good	hypernym	2026-08-12
creature<-beaver	good	hypernym	2026-08-12
nature<-grassland	good	hypernym	2026-08-12
creature<-owl	good	hypernym	2026-08-12
furniture<-bookshelf	good	hypernym	2026-08-12
furniture<-table	good	hypernym	2026-08-12
creature<-hedgehog	good	hypernym	2026-08-12
nature<-snow	good	hypernym	2026-08-12
furniture<-stool	good	hypernym	2026-08-12
nature<-sand	good	hypernym	2026-08-12
device<-mp3	bad	hypernym	2026-08-12
beverage<-lemonade	good	hypernym	2026-08-12
jewelry<-earring	good	hypernym	2026-08-12
alcohol<-beer	good	hypernym	2026-08-12
color<-beige	good	hypernym	2026-08-12
mammal<-lion	good	hypernym	2026-08-12
clothing<-scarf	good	hypernym	2026-08-12
beverage<-coffee	good	hypernym	2026-08-12
dessert<-macaron	good	hypernym	2026-08-12
vehicle<-bus	good	hypernym	2026-08-12
dessert<-cake	good	hypernym	2026-08-12
tableware<-glass	good	hypernym	2026-08-12
mammal<-cow	good	hypernym	2026-08-12
software<-dashboard	good	hypernym	2026-08-12
textile<-carpet	good	hypernym	2026-08-12
cutlery<-knife	good	hypernym	2026-08-12
snack<-pretzel	good	hypernym	2026-08-12
city<-street	good	hypernym	2026-08-12
architecture<-pagoda	good	hypernym	2026-08-12
liquid<-ketchup	good	hypernym	2026-08-12
toy<-figurine	good	hypernym	2026-08-12
sweet<-choco	good	hypernym	2026-08-12
footwear<-sneaker	good	hypernym	2026-08-12
liquid<-water	good	hypernym	2026-08-12
flower<-nymphaea	good	hypernym	2026-08-12
liquid<-sauce	good	hypernym	2026-08-12
device<-antenna	hold	hypernym	2026-08-12
device<-dashboard	hold	hypernym	2026-08-12
alcohol<-arran	unknown	hypernym	2026-08-12
room<-hallway	hold	hypernym	2026-08-12
berryshka<-raspberry	unknown	hypernym	2026-08-12
hizakobuta_labor_<-hizakobuta_labor	good	related	2026-08-12
mochi<-senbei	bad	related	2026-08-12
fence<-wooden_fence	good	related	2026-08-12
fog<-mist	good	related	2026-08-12
sea<-ocean	good	related	2026-08-12
wagashi<-baked_good	bad	related	2026-08-12
profile_page<-profile_picture	good	related	2026-08-12
door<-doorknob	good	related	2026-08-12
cream_puff<-bun	good	related	2026-08-12
wall<-wooden_wall	good	related	2026-08-12
nintendo<-nintendo_switch	good	related	2026-08-12
curry<-indian_curry	good	related	2026-08-12
bottle<-water_bottle	good	related	2026-08-12
pork_slice<-pork_meat	good	related	2026-08-12
rough_sketch_character<-rough_hand_drawn_character	good	related	2026-08-12
city_building<-urban_building	good	related	2026-08-12
snow_covered_tree<-snow_covered_pine_tree	good	related	2026-08-12
dark_background_white_text<-black_background_japanese_text	good	related	2026-08-12
red_ball_trackball_mouse<-red_trackball_mouse	good	related	2026-08-12
wooden_table_surface<-wooden_surface	good	related	2026-08-12
bright_screen<-bright_light	good	related	2026-08-12
beer_glass_with_liquid<-beer_filled_glass	good	related	2026-08-12
shallow_clear_water<-clear_water	good	related	2026-08-12
character_holding_weapon<-sword_wielding_character	good	related	2026-08-12
brown_hair<-brown_streaked_hair	good	related	2026-08-12
clear_plastic_container<-clear_plastic_wrapping	good	related	2026-08-12
daytime_lighting<-daylight	good	related	2026-08-12
warm_lighting<-warm_illuminated_lamp	good	related	2026-08-12
sitting_person<-sitting_character	good	related	2026-08-12
